<?xml version="1.0" encoding="UTF-8"?>
<GenRun Id="impl_1" LaunchPart="xc7a35tcpg236-1" LaunchTime="1509318393">
  <File Type="PWROPT-DRC" Name="Main_file_drc_pwropted.rpt"/>
  <File Type="OPT-METHODOLOGY-DRC" Name="Main_file_methodology_drc_opted.rpt"/>
  <File Type="INIT-TIMING" Name="Main_file_timing_summary_init.rpt"/>
  <File Type="ROUTE-PWR-RPX" Name="Main_file_power_routed.rpx"/>
  <File Type="PA-TCL" Name="Main_file.tcl"/>
  <File Type="OPT-HWDEF" Name="Main_file.hwdef"/>
  <File Type="RDI-RDI" Name="Main_file.vdi"/>
  <File Type="OPT-DCP" Name="Main_file_opt.dcp"/>
  <File Type="OPT-DRC" Name="Main_file_drc_opted.rpt"/>
  <File Type="OPT-TIMING" Name="Main_file_timing_summary_opted.rpt"/>
  <File Type="PWROPT-DCP" Name="Main_file_pwropt.dcp"/>
  <File Type="PWROPT-TIMING" Name="Main_file_timing_summary_pwropted.rpt"/>
  <File Type="PLACE-DCP" Name="Main_file_placed.dcp"/>
  <File Type="PLACE-IO" Name="Main_file_io_placed.rpt"/>
  <File Type="PLACE-CLK" Name="Main_file_clock_utilization_placed.rpt"/>
  <File Type="PLACE-UTIL" Name="Main_file_utilization_placed.rpt"/>
  <File Type="PLACE-UTIL-PB" Name="Main_file_utilization_placed.pb"/>
  <File Type="PLACE-CTRL" Name="Main_file_control_sets_placed.rpt"/>
  <File Type="PLACE-SIMILARITY" Name="Main_file_incremental_reuse_placed.rpt"/>
  <File Type="PLACE-PRE-SIMILARITY" Name="Main_file_incremental_reuse_pre_placed.rpt"/>
  <File Type="PLACE-TIMING" Name="Main_file_timing_summary_placed.rpt"/>
  <File Type="POSTPLACE-PWROPT-DCP" Name="Main_file_postplace_pwropt.dcp"/>
  <File Type="POSTPLACE-PWROPT-TIMING" Name="Main_file_timing_summary_postplace_pwropted.rpt"/>
  <File Type="PHYSOPT-DCP" Name="Main_file_physopt.dcp"/>
  <File Type="PHYSOPT-DRC" Name="Main_file_drc_physopted.rpt"/>
  <File Type="PHYSOPT-TIMING" Name="Main_file_timing_summary_physopted.rpt"/>
  <File Type="ROUTE-ERROR-DCP" Name="Main_file_routed_error.dcp"/>
  <File Type="ROUTE-DCP" Name="Main_file_routed.dcp"/>
  <File Type="ROUTE-BLACKBOX-DCP" Name="Main_file_routed_bb.dcp"/>
  <File Type="ROUTE-DRC" Name="Main_file_drc_routed.rpt"/>
  <File Type="ROUTE-DRC-PB" Name="Main_file_drc_routed.pb"/>
  <File Type="BG-BIN" Name="Main_file.bin"/>
  <File Type="ROUTE-DRC-RPX" Name="Main_file_drc_routed.rpx"/>
  <File Type="BG-DRC" Name="Main_file.drc"/>
  <File Type="ROUTE-METHODOLOGY-DRC" Name="Main_file_methodology_drc_routed.rpt"/>
  <File Type="BITSTR-MSK" Name="Main_file.msk"/>
  <File Type="ROUTE-METHODOLOGY-DRC-RPX" Name="Main_file_methodology_drc_routed.rpx"/>
  <File Type="BG-BGN" Name="Main_file.bgn"/>
  <File Type="ROUTE-METHODOLOGY-DRC-PB" Name="Main_file_methodology_drc_routed.pb"/>
  <File Type="ROUTE-PWR" Name="Main_file_power_routed.rpt"/>
  <File Type="ROUTE-PWR-SUM" Name="Main_file_power_summary_routed.pb"/>
  <File Type="ROUTE-STATUS" Name="Main_file_route_status.rpt"/>
  <File Type="ROUTE-STATUS-PB" Name="Main_file_route_status.pb"/>
  <File Type="ROUTE-TIMINGSUMMARY" Name="Main_file_timing_summary_routed.rpt"/>
  <File Type="ROUTE-TIMING-PB" Name="Main_file_timing_summary_routed.pb"/>
  <File Type="ROUTE-TIMING-RPX" Name="Main_file_timing_summary_routed.rpx"/>
  <File Type="ROUTE-SIMILARITY" Name="Main_file_incremental_reuse_routed.rpt"/>
  <File Type="ROUTE-CLK" Name="Main_file_clock_utilization_routed.rpt"/>
  <File Type="POSTROUTE-PHYSOPT-DCP" Name="Main_file_postroute_physopt.dcp"/>
  <File Type="POSTROUTE-PHYSOPT-BLACKBOX-DCP" Name="Main_file_postroute_physopt_bb.dcp"/>
  <File Type="POSTROUTE-PHYSOPT-TIMING" Name="Main_file_timing_summary_postroute_physopted.rpt"/>
  <File Type="POSTROUTE-PHYSOPT-TIMING-PB" Name="Main_file_timing_summary_postroute_physopted.pb"/>
  <File Type="POSTROUTE-PHYSOPT-TIMING-RPX" Name="Main_file_timing_summary_postroute_physopted.rpx"/>
  <File Type="BG-BIT" Name="Main_file.bit"/>
  <File Type="BITSTR-RBT" Name="Main_file.rbt"/>
  <File Type="BITSTR-NKY" Name="Main_file.nky"/>
  <File Type="BITSTR-BMM" Name="Main_file_bd.bmm"/>
  <File Type="BITSTR-MMI" Name="Main_file.mmi"/>
  <File Type="BITSTR-SYSDEF" Name="Main_file.sysdef"/>
  <File Type="WBT-USG" Name="usage_statistics_webtalk.html"/>
  <FileSet Name="sources" Type="DesignSrcs" RelSrcDir="$PSRCDIR/sources_1">
    <Filter Type="Srcs"/>
    <File Path="$PSRCDIR/sources_1/Other sources/A_and_B.sv">
      <FileInfo>
        <Attr Name="UsedIn" Val="synthesis"/>
        <Attr Name="UsedIn" Val="implementation"/>
        <Attr Name="UsedIn" Val="simulation"/>
      </FileInfo>
    </File>
    <File Path="$PSRCDIR/sources_1/Other sources/A_or_B.sv">
      <FileInfo>
        <Attr Name="UsedIn" Val="synthesis"/>
        <Attr Name="UsedIn" Val="implementation"/>
        <Attr Name="UsedIn" Val="simulation"/>
      </FileInfo>
    </File>
    <File Path="$PSRCDIR/sources_1/Other sources/A_xor_B.sv">
      <FileInfo>
        <Attr Name="UsedIn" Val="synthesis"/>
        <Attr Name="UsedIn" Val="implementation"/>
        <Attr Name="UsedIn" Val="simulation"/>
      </FileInfo>
    </File>
    <File Path="$PSRCDIR/sources_1/Other sources/Complementer.sv">
      <FileInfo>
        <Attr Name="UsedIn" Val="synthesis"/>
        <Attr Name="UsedIn" Val="implementation"/>
        <Attr Name="UsedIn" Val="simulation"/>
      </FileInfo>
    </File>
    <File Path="$PSRCDIR/sources_1/Other sources/FA_32bitv2.sv">
      <FileInfo>
        <Attr Name="UsedIn" Val="synthesis"/>
        <Attr Name="UsedIn" Val="implementation"/>
        <Attr Name="UsedIn" Val="simulation"/>
      </FileInfo>
    </File>
    <File Path="$PSRCDIR/sources_1/Other sources/FA_4bit.sv">
      <FileInfo>
        <Attr Name="UsedIn" Val="synthesis"/>
        <Attr Name="UsedIn" Val="implementation"/>
        <Attr Name="UsedIn" Val="simulation"/>
      </FileInfo>
    </File>
    <File Path="$PSRCDIR/sources_1/new/Multiplexer_4bit.sv">
      <FileInfo>
        <Attr Name="UsedIn" Val="synthesis"/>
        <Attr Name="UsedIn" Val="implementation"/>
        <Attr Name="UsedIn" Val="simulation"/>
      </FileInfo>
    </File>
    <File Path="$PSRCDIR/sources_1/Other sources/SIMDadd.sv">
      <FileInfo>
        <Attr Name="UsedIn" Val="synthesis"/>
        <Attr Name="UsedIn" Val="implementation"/>
        <Attr Name="UsedIn" Val="simulation"/>
      </FileInfo>
    </File>
    <File Path="$PSRCDIR/sources_1/Other sources/ShLeft.sv">
      <FileInfo>
        <Attr Name="UsedIn" Val="synthesis"/>
        <Attr Name="UsedIn" Val="implementation"/>
        <Attr Name="UsedIn" Val="simulation"/>
      </FileInfo>
    </File>
    <File Path="$PSRCDIR/sources_1/Other sources/decrement.sv">
      <FileInfo>
        <Attr Name="UsedIn" Val="synthesis"/>
        <Attr Name="UsedIn" Val="implementation"/>
        <Attr Name="UsedIn" Val="simulation"/>
      </FileInfo>
    </File>
    <File Path="$PSRCDIR/sources_1/Other sources/increment.sv">
      <FileInfo>
        <Attr Name="UsedIn" Val="synthesis"/>
        <Attr Name="UsedIn" Val="implementation"/>
        <Attr Name="UsedIn" Val="simulation"/>
      </FileInfo>
    </File>
    <File Path="$PSRCDIR/sources_1/Other sources/move.sv">
      <FileInfo>
        <Attr Name="UsedIn" Val="synthesis"/>
        <Attr Name="UsedIn" Val="implementation"/>
        <Attr Name="UsedIn" Val="simulation"/>
      </FileInfo>
    </File>
    <File Path="$PSRCDIR/sources_1/Other sources/subtractor2.sv">
      <FileInfo>
        <Attr Name="UsedIn" Val="synthesis"/>
        <Attr Name="UsedIn" Val="implementation"/>
        <Attr Name="UsedIn" Val="simulation"/>
      </FileInfo>
    </File>
    <File Path="$PSRCDIR/sources_1/Other sources/twoscomplement.sv">
      <FileInfo>
        <Attr Name="UsedIn" Val="synthesis"/>
        <Attr Name="UsedIn" Val="implementation"/>
        <Attr Name="UsedIn" Val="simulation"/>
      </FileInfo>
    </File>
    <File Path="$PSRCDIR/sources_1/new/Main_file.sv">
      <FileInfo>
        <Attr Name="UsedIn" Val="synthesis"/>
        <Attr Name="UsedIn" Val="implementation"/>
        <Attr Name="UsedIn" Val="simulation"/>
      </FileInfo>
    </File>
    <File Path="$PPRDIR/../../../Downloads/eecs 31l midterm project/Complementer.sv">
      <FileInfo>
        <Attr Name="AutoDisabled" Val="1"/>
        <Attr Name="UsedIn" Val="synthesis"/>
        <Attr Name="UsedIn" Val="implementation"/>
        <Attr Name="UsedIn" Val="simulation"/>
      </FileInfo>
    </File>
    <File Path="$PPRDIR/../../../Downloads/eecs 31l midterm project/FA_32bitv2.sv">
      <FileInfo>
        <Attr Name="AutoDisabled" Val="1"/>
        <Attr Name="UsedIn" Val="synthesis"/>
        <Attr Name="UsedIn" Val="implementation"/>
        <Attr Name="UsedIn" Val="simulation"/>
      </FileInfo>
    </File>
    <File Path="$PPRDIR/../../../Downloads/eecs 31l midterm project/FA_4bit.sv">
      <FileInfo>
        <Attr Name="AutoDisabled" Val="1"/>
        <Attr Name="UsedIn" Val="synthesis"/>
        <Attr Name="UsedIn" Val="implementation"/>
        <Attr Name="UsedIn" Val="simulation"/>
      </FileInfo>
    </File>
    <File Path="$PPRDIR/../../../Downloads/eecs 31l midterm project/SIMDadd.sv">
      <FileInfo>
        <Attr Name="AutoDisabled" Val="1"/>
        <Attr Name="UsedIn" Val="synthesis"/>
        <Attr Name="UsedIn" Val="implementation"/>
        <Attr Name="UsedIn" Val="simulation"/>
      </FileInfo>
    </File>
    <File Path="$PPRDIR/../../../Downloads/eecs 31l midterm project/ShLeft.sv">
      <FileInfo>
        <Attr Name="AutoDisabled" Val="1"/>
        <Attr Name="UsedIn" Val="synthesis"/>
        <Attr Name="UsedIn" Val="implementation"/>
        <Attr Name="UsedIn" Val="simulation"/>
      </FileInfo>
    </File>
    <File Path="$PPRDIR/../../../Downloads/eecs 31l midterm project/decrement.sv">
      <FileInfo>
        <Attr Name="AutoDisabled" Val="1"/>
        <Attr Name="UsedIn" Val="synthesis"/>
        <Attr Name="UsedIn" Val="implementation"/>
        <Attr Name="UsedIn" Val="simulation"/>
      </FileInfo>
    </File>
    <File Path="$PPRDIR/../../../Downloads/eecs 31l midterm project/increment.sv">
      <FileInfo>
        <Attr Name="AutoDisabled" Val="1"/>
        <Attr Name="UsedIn" Val="synthesis"/>
        <Attr Name="UsedIn" Val="implementation"/>
        <Attr Name="UsedIn" Val="simulation"/>
      </FileInfo>
    </File>
    <File Path="$PPRDIR/../../../Downloads/eecs 31l midterm project/move.sv">
      <FileInfo>
        <Attr Name="AutoDisabled" Val="1"/>
        <Attr Name="UsedIn" Val="synthesis"/>
        <Attr Name="UsedIn" Val="implementation"/>
        <Attr Name="UsedIn" Val="simulation"/>
      </FileInfo>
    </File>
    <File Path="$PPRDIR/../../../Downloads/eecs 31l midterm project/subtractor2.sv">
      <FileInfo>
        <Attr Name="AutoDisabled" Val="1"/>
        <Attr Name="UsedIn" Val="synthesis"/>
        <Attr Name="UsedIn" Val="implementation"/>
        <Attr Name="UsedIn" Val="simulation"/>
      </FileInfo>
    </File>
    <File Path="$PPRDIR/../../../Downloads/eecs 31l midterm project/twoscomplement.sv">
      <FileInfo>
        <Attr Name="AutoDisabled" Val="1"/>
        <Attr Name="UsedIn" Val="synthesis"/>
        <Attr Name="UsedIn" Val="implementation"/>
        <Attr Name="UsedIn" Val="simulation"/>
      </FileInfo>
    </File>
    <File Path="$PPRDIR/../logic gates Midterm/logic gates Midterm.srcs/sources_1/new/A_and_B.sv">
      <FileInfo>
        <Attr Name="AutoDisabled" Val="1"/>
        <Attr Name="UsedIn" Val="synthesis"/>
        <Attr Name="UsedIn" Val="implementation"/>
        <Attr Name="UsedIn" Val="simulation"/>
      </FileInfo>
    </File>
    <File Path="$PPRDIR/../logic gates Midterm/logic gates Midterm.srcs/sources_1/new/A_or_B.sv">
      <FileInfo>
        <Attr Name="AutoDisabled" Val="1"/>
        <Attr Name="UsedIn" Val="synthesis"/>
        <Attr Name="UsedIn" Val="implementation"/>
        <Attr Name="UsedIn" Val="simulation"/>
      </FileInfo>
    </File>
    <File Path="$PPRDIR/../logic gates Midterm/logic gates Midterm.srcs/sources_1/new/A_xor_B.sv">
      <FileInfo>
        <Attr Name="AutoDisabled" Val="1"/>
        <Attr Name="UsedIn" Val="synthesis"/>
        <Attr Name="UsedIn" Val="implementation"/>
        <Attr Name="UsedIn" Val="simulation"/>
      </FileInfo>
    </File>
    <File Path="$PPRDIR/../../../Downloads/eecs 31l midterm project/FA_32bit.sv">
      <FileInfo>
        <Attr Name="AutoDisabled" Val="1"/>
        <Attr Name="UsedIn" Val="synthesis"/>
        <Attr Name="UsedIn" Val="implementation"/>
        <Attr Name="UsedIn" Val="simulation"/>
      </FileInfo>
    </File>
    <Config>
      <Option Name="DesignMode" Val="RTL"/>
      <Option Name="TopModule" Val="Main_file"/>
    </Config>
  </FileSet>
  <FileSet Name="constrs_in" Type="Constrs" RelSrcDir="$PSRCDIR/constrs_1">
    <Filter Type="Constrs"/>
    <File Path="$PSRCDIR/constrs_1/new/Contraint_set_Midterm_eecs31l.xdc">
      <FileInfo>
        <Attr Name="UsedIn" Val="synthesis"/>
        <Attr Name="UsedIn" Val="implementation"/>
      </FileInfo>
    </File>
    <Config>
      <Option Name="TargetConstrsFile" Val="$PSRCDIR/constrs_1/new/Contraint_set_Midterm_eecs31l.xdc"/>
      <Option Name="ConstrsType" Val="XDC"/>
    </Config>
  </FileSet>
  <Strategy Version="1" Minor="2">
    <StratHandle Name="Vivado Implementation Defaults" Flow="Vivado Implementation 2017"/>
    <Step Id="init_design"/>
    <Step Id="opt_design"/>
    <Step Id="power_opt_design"/>
    <Step Id="place_design"/>
    <Step Id="post_place_power_opt_design"/>
    <Step Id="phys_opt_design"/>
    <Step Id="route_design"/>
    <Step Id="post_route_phys_opt_design"/>
    <Step Id="write_bitstream"/>
  </Strategy>
</GenRun>
